{"homebrew_version":"2.1.1","used_options":[],"unused_options":[],"built_as_bottle":true,"poured_from_bottle":true,"installed_as_dependency":false,"installed_on_request":true,"changed_files":["INSTALL_RECEIPT.json","lib/cmake/glfw3/glfw3Targets.cmake","lib/pkgconfig/glfw3.pc"],"time":1570527588,"source_modified_time":1555371630,"HEAD":null,"stdlib":null,"compiler":"clang","aliases":[],"runtime_dependencies":[],"source":{"path":"/usr/local/Homebrew/Library/Taps/homebrew/homebrew-core/Formula/glfw.rb","tap":"homebrew/core","spec":"stable","versions":{"stable":"3.3","devel":"","head":"HEAD","version_scheme":0}}}