{"homebrew_version":"2.1.0-30-g1c65591","used_options":[],"unused_options":[],"built_as_bottle":true,"poured_from_bottle":true,"installed_as_dependency":false,"installed_on_request":true,"changed_files":["INSTALL_RECEIPT.json","lib/pkgconfig/glm.pc"],"time":1571562257,"source_modified_time":1554200832,"HEAD":null,"stdlib":null,"compiler":"clang","aliases":[],"runtime_dependencies":[],"source":{"path":"/usr/local/Homebrew/Library/Taps/homebrew/homebrew-core/Formula/glm.rb","tap":"homebrew/core","spec":"stable","versions":{"stable":"0.9.9.5","devel":"","head":"HEAD","version_scheme":0}}}