{"homebrew_version":"1.7.2-4-g713532e","used_options":[],"unused_options":["--without-boost"],"built_as_bottle":true,"poured_from_bottle":true,"installed_as_dependency":false,"installed_on_request":true,"changed_files":["INSTALL_RECEIPT.json","lib/pkgconfig/assimp.pc"],"time":1571146814,"source_modified_time":1512998565,"HEAD":null,"stdlib":"libcxx","compiler":"clang","aliases":[],"runtime_dependencies":[],"source":{"path":"/usr/local/Homebrew/Library/Taps/homebrew/homebrew-core/Formula/assimp.rb","tap":"homebrew/core","spec":"stable","versions":{"stable":"4.1.0","devel":"","head":"HEAD","version_scheme":0}}}